{"frames": {

"_0000s_0010_frame1.png":
{
	"frame": {"x":0,"y":0,"w":30,"h":21},
	"rotated": false,
	"trimmed": false,
	"spriteSourceSize": {"x":0,"y":0,"w":30,"h":21},
	"sourceSize": {"w":30,"h":21},
	"pivot": {"x":0.5,"y":0.5}
},
"_0000s_0009_frame2.png":
{
	"frame": {"x":30,"y":0,"w":30,"h":21},
	"rotated": false,
	"trimmed": false,
	"spriteSourceSize": {"x":0,"y":0,"w":30,"h":21},
	"sourceSize": {"w":30,"h":21},
	"pivot": {"x":0.5,"y":0.5}
},
"_0000s_0008_frame3.png":
{
	"frame": {"x":60,"y":0,"w":30,"h":21},
	"rotated": false,
	"trimmed": false,
	"spriteSourceSize": {"x":0,"y":0,"w":30,"h":21},
	"sourceSize": {"w":30,"h":21},
	"pivot": {"x":0.5,"y":0.5}
},
"_0000s_0007_frame4.png":
{
	"frame": {"x":90,"y":0,"w":30,"h":21},
	"rotated": false,
	"trimmed": false,
	"spriteSourceSize": {"x":0,"y":0,"w":30,"h":21},
	"sourceSize": {"w":30,"h":21},
	"pivot": {"x":0.5,"y":0.5}
},
"_0000s_0006_frame5.png":
{
	"frame": {"x":120,"y":0,"w":30,"h":21},
	"rotated": false,
	"trimmed": false,
	"spriteSourceSize": {"x":0,"y":0,"w":30,"h":21},
	"sourceSize": {"w":30,"h":21},
	"pivot": {"x":0.5,"y":0.5}
},
"_0000s_0005_frame6.png":
{
	"frame": {"x":150,"y":0,"w":30,"h":21},
	"rotated": false,
	"trimmed": false,
	"spriteSourceSize": {"x":0,"y":0,"w":30,"h":21},
	"sourceSize": {"w":30,"h":21},
	"pivot": {"x":0.5,"y":0.5}
},
"_0000s_0004_frame7.png":
{
	"frame": {"x":180,"y":0,"w":30,"h":21},
	"rotated": false,
	"trimmed": false,
	"spriteSourceSize": {"x":0,"y":0,"w":30,"h":21},
	"sourceSize": {"w":30,"h":21},
	"pivot": {"x":0.5,"y":0.5}
},
"_0000s_0003_jump.png":
{
	"frame": {"x":210,"y":0,"w":30,"h":21},
	"rotated": false,
	"trimmed": false,
	"spriteSourceSize": {"x":0,"y":0,"w":30,"h":21},
	"sourceSize": {"w":30,"h":21},
	"pivot": {"x":0.5,"y":0.5}
},
"_0000s_0002_slide.png":
{
	"frame": {"x":240,"y":0,"w":30,"h":21},
	"rotated": false,
	"trimmed": false,
	"spriteSourceSize": {"x":0,"y":0,"w":30,"h":21},
	"sourceSize": {"w":30,"h":21},
	"pivot": {"x":0.5,"y":0.5}
},
"_0000s_0001_hasPistol.png":
{
	"frame": {"x":270,"y":0,"w":30,"h":21},
	"rotated": false,
	"trimmed": false,
	"spriteSourceSize": {"x":0,"y":0,"w":30,"h":21},
	"sourceSize": {"w":30,"h":21},
	"pivot": {"x":0.5,"y":0.5}
},
"_0000s_0000_hasMGun.png":
{
	"frame": {"x":300,"y":0,"w":30,"h":21},
	"rotated": false,
	"trimmed": false,
	"spriteSourceSize": {"x":0,"y":0,"w":30,"h":21},
	"sourceSize": {"w":30,"h":21},
	"pivot": {"x":0.5,"y":0.5}
}},
"meta": {
	"app": "http://www.codeandweb.com/texturepacker",
	"version": "1.0",
	"image": "hands.png",
	"format": "RGBA8888",
	"size": {"w":330,"h":21},
	"scale": "1",
	"smartupdate": "$TexturePacker:SmartUpdate:69698d0a9e5d98b991dbc2d98b6e1014:8ab0aa8f3213a22ee7145e67f0e571ba:bc190b560df43dafc27d13c8fb9f7515$"
}
}
