{"frames": {

"texture.png":
{
	"frame": {"x":0,"y":0,"w":50,"h":51},
	"rotated": false,
	"trimmed": false,
	"spriteSourceSize": {"x":0,"y":0,"w":50,"h":51},
	"sourceSize": {"w":50,"h":51},
	"pivot": {"x":0.5,"y":0.5}
},
"texture2.png":
{
	"frame": {"x":50,"y":0,"w":50,"h":39},
	"rotated": false,
	"trimmed": false,
	"spriteSourceSize": {"x":0,"y":0,"w":50,"h":39},
	"sourceSize": {"w":50,"h":39},
	"pivot": {"x":0.5,"y":0.5}
},
"texture3.png":
{
	"frame": {"x":100,"y":0,"w":50,"h":39},
	"rotated": false,
	"trimmed": false,
	"spriteSourceSize": {"x":0,"y":0,"w":50,"h":39},
	"sourceSize": {"w":50,"h":39},
	"pivot": {"x":0.5,"y":0.5}
}},
"meta": {
	"app": "http://www.codeandweb.com/texturepacker",
	"version": "1.0",
	"image": "textures.png",
	"format": "RGBA8888",
	"size": {"w":150,"h":51},
	"scale": "1",
	"smartupdate": "$TexturePacker:SmartUpdate:8faf27da16ffa90a932afcdd285f7946:408c924f0abbc6e09c2e3f2153c9d496:cf827d152df04949dfee256cd0c8efd8$"
}
}
