{"frames": {

"gun.png":
{
	"frame": {"x":0,"y":0,"w":15,"h":8},
	"rotated": false,
	"trimmed": false,
	"spriteSourceSize": {"x":0,"y":0,"w":15,"h":8},
	"sourceSize": {"w":15,"h":8},
	"pivot": {"x":0.5,"y":0.5}
},
"car_snap.png":
{
	"frame": {"x":15,"y":0,"w":25,"h":10},
	"rotated": false,
	"trimmed": false,
	"spriteSourceSize": {"x":0,"y":0,"w":25,"h":10},
	"sourceSize": {"w":25,"h":10},
	"pivot": {"x":0.5,"y":0.5}
},
"bike_snap.png":
{
	"frame": {"x":40,"y":0,"w":25,"h":10},
	"rotated": false,
	"trimmed": false,
	"spriteSourceSize": {"x":0,"y":0,"w":25,"h":10},
	"sourceSize": {"w":25,"h":10},
	"pivot": {"x":0.5,"y":0.5}
},
"life.png":
{
	"frame": {"x":65,"y":0,"w":10,"h":10},
	"rotated": false,
	"trimmed": false,
	"spriteSourceSize": {"x":0,"y":0,"w":10,"h":10},
	"sourceSize": {"w":10,"h":10},
	"pivot": {"x":0.5,"y":0.5}
},
"smoke.png":
{
	"frame": {"x":75,"y":0,"w":10,"h":10},
	"rotated": false,
	"trimmed": false,
	"spriteSourceSize": {"x":0,"y":0,"w":10,"h":10},
	"sourceSize": {"w":10,"h":10},
	"pivot": {"x":0.5,"y":0.5}
},
"mGun.png":
{
	"frame": {"x":85,"y":0,"w":40,"h":12},
	"rotated": false,
	"trimmed": false,
	"spriteSourceSize": {"x":0,"y":0,"w":40,"h":12},
	"sourceSize": {"w":40,"h":12},
	"pivot": {"x":0.5,"y":0.5}
},
"favicon.png":
{
	"frame": {"x":125,"y":0,"w":16,"h":16},
	"rotated": false,
	"trimmed": false,
	"spriteSourceSize": {"x":0,"y":0,"w":16,"h":16},
	"sourceSize": {"w":16,"h":16},
	"pivot": {"x":0.5,"y":0.5}
},
"heart.png":
{
	"frame": {"x":141,"y":0,"w":20,"h":20},
	"rotated": false,
	"trimmed": false,
	"spriteSourceSize": {"x":0,"y":0,"w":20,"h":20},
	"sourceSize": {"w":20,"h":20},
	"pivot": {"x":0.5,"y":0.5}
},
"bike.png":
{
	"frame": {"x":161,"y":0,"w":70,"h":27},
	"rotated": false,
	"trimmed": false,
	"spriteSourceSize": {"x":0,"y":0,"w":70,"h":27},
	"sourceSize": {"w":70,"h":27},
	"pivot": {"x":0.5,"y":0.5}
},
"over.png":
{
	"frame": {"x":231,"y":0,"w":192,"h":96},
	"rotated": false,
	"trimmed": false,
	"spriteSourceSize": {"x":0,"y":0,"w":192,"h":96},
	"sourceSize": {"w":192,"h":96},
	"pivot": {"x":0.5,"y":0.5}
},
"up.png":
{
	"frame": {"x":0,"y":96,"w":192,"h":96},
	"rotated": false,
	"trimmed": false,
	"spriteSourceSize": {"x":0,"y":0,"w":192,"h":96},
	"sourceSize": {"w":192,"h":96},
	"pivot": {"x":0.5,"y":0.5}
},
"down.png":
{
	"frame": {"x":192,"y":96,"w":192,"h":96},
	"rotated": false,
	"trimmed": false,
	"spriteSourceSize": {"x":0,"y":0,"w":192,"h":96},
	"sourceSize": {"w":192,"h":96},
	"pivot": {"x":0.5,"y":0.5}
},
"ship.png":
{
	"frame": {"x":384,"y":96,"w":102,"h":111},
	"rotated": false,
	"trimmed": false,
	"spriteSourceSize": {"x":0,"y":0,"w":102,"h":111},
	"sourceSize": {"w":102,"h":111},
	"pivot": {"x":0.5,"y":0.5}
},
"aurora.png":
{
	"frame": {"x":0,"y":207,"w":512,"h":256},
	"rotated": false,
	"trimmed": false,
	"spriteSourceSize": {"x":0,"y":0,"w":512,"h":256},
	"sourceSize": {"w":512,"h":256},
	"pivot": {"x":0.5,"y":0.5}
},
"snow.png":
{
	"frame": {"x":0,"y":463,"w":512,"h":256},
	"rotated": false,
	"trimmed": false,
	"spriteSourceSize": {"x":0,"y":0,"w":512,"h":256},
	"sourceSize": {"w":512,"h":256},
	"pivot": {"x":0.5,"y":0.5}
},
"sky.png":
{
	"frame": {"x":0,"y":719,"w":512,"h":512},
	"rotated": false,
	"trimmed": false,
	"spriteSourceSize": {"x":0,"y":0,"w":512,"h":512},
	"sourceSize": {"w":512,"h":512},
	"pivot": {"x":0.5,"y":0.5}
}},
"meta": {
	"app": "http://www.codeandweb.com/texturepacker",
	"version": "1.0",
	"image": "alienHunter.png",
	"format": "RGBA8888",
	"size": {"w":512,"h":1231},
	"scale": "1",
	"smartupdate": "$TexturePacker:SmartUpdate:185408c5e1f2e15aa7943c48b182591e:5fb11ba5132d1e99e558ad1787676f85:66a975b4b3fb090e41e66cc7977fb663$"
}
}
