{"frames": {

"carBody.png":
{
	"frame": {"x":2,"y":2,"w":82,"h":25},
	"rotated": false,
	"trimmed": false,
	"spriteSourceSize": {"x":0,"y":0,"w":82,"h":25},
	"sourceSize": {"w":82,"h":25},
	"pivot": {"x":0.5,"y":0.5}
},
"carWheel.png":
{
	"frame": {"x":86,"y":2,"w":14,"h":14},
	"rotated": false,
	"trimmed": false,
	"spriteSourceSize": {"x":0,"y":0,"w":14,"h":14},
	"sourceSize": {"w":14,"h":14},
	"pivot": {"x":0.5,"y":0.5}
},
"driver.png":
{
	"frame": {"x":102,"y":2,"w":8,"h":14},
	"rotated": false,
	"trimmed": false,
	"spriteSourceSize": {"x":0,"y":0,"w":8,"h":14},
	"sourceSize": {"w":8,"h":14},
	"pivot": {"x":0.5,"y":0.5}
}},
"meta": {
	"app": "http://www.codeandweb.com/texturepacker",
	"version": "1.0",
	"image": "car.png",
	"format": "RGBA8888",
	"size": {"w":112,"h":29},
	"scale": "1",
	"smartupdate": "$TexturePacker:SmartUpdate:8686b560df648daf281405f5df7399f0:f5fd8685f90b2d9198ae5febc51a680d:0cc8a77b70c78c003d18a01f226c6fa5$"
}
}
